indice;data;numero_indice
IMA-B;2026-09-29;12053.209321
IMA-B;2026-09-30;12043.897170
IMA-B 5;2026-09-29;11837.022368
IMA-B 5;2026-09-30;11849.505405
IMA-B 5+;2026-09-29;13205.813116
IMA-B 5+;2026-09-30;13181.585010
IMA-GERAL;2026-09-29;10560.875357
IMA-GERAL;2026-09-30;10564.697238
IMA-GERAL-EX-C;2026-09-29;10413.433324
IMA-GERAL-EX-C;2026-09-30;10417.148608
IMA-S;2026-09-29;8993.241179
IMA-S;2026-09-30;8997.654185
IRF-M;2026-09-29;23586.417275
IRF-M;2026-09-30;23612.856503
IRF-M 1;2026-09-29;21081.672346
IRF-M 1;2026-09-30;21092.320112
IRF-M 1+;2026-09-29;25549.958409
IRF-M 1+;2026-09-30;25583.582780
